﻿[
	{
		"LanguageName" : "English",
		
		"Cancel" : "Cancel",
		
		"File" : "File",
		"NewFile" : "New File",
		"OpenFile" : "Open File",
		"SaveFile" : "Save File",
		"SaveFileAs" : "Save As...",
		"ReloadFile" : "Reload from Disk",
		"RecentFiles" : "Recent Files",
		"Exit" : "Exit",
		
		"View" : "View",
		"Font" : "Font",
		"Settings" : "Settings",
		"DarkTheme" : "Dark Theme",
		"WordWrap" : "Word Wrap",
		"HexEditor" : "Hex-Editor",
		
		"Encoding" : "Encoding",
		
		"Edit" : "Edit",
		"Undo" : "Undo",
		"Rendo" : "Rendo",
		"SelectAll" : "SelectAll",
		
		"Tools" : "Tools",
		"ExcludeDuplicatePhrases" : "Exclude Duplicate Phrases",
		"Encrypt" : "Crypt",
		"RandomNumberGeneration" : "Random Number Generation",
		
		"Help" : "Help",
		"UpdateApplication" : "Update Application",
		"AssociateEncryptedFiles" : "Associate Encrypted Files",
		"About" : "About",
		
		"ToolTipUpdateApp" : "Update application now",
		"ToolTipHexEditor" : "Enable hex-editor",
		"ToolTipEncrypt" : "Enable encryption",
		"ToolTipSaveAs" : "Save document as...",
		"ToolTipSave" : "Save document",
		"ToolTipOpen" : "Open document",
		"ToolTipNew" : "Create new document",
		
		"FormSettings" : "Settings",
		"FS_ColorScheme" : "Color scheme",
		"FS_FontColor" : "Font color",
		"FS_BackgroundColor" : "Background color",
		"FS_WordWrapEnable" : "Word wrap enable",
		"FS_Language" : "Language",
		"FS_CheckUpdate" : "Check for updates",
		"FS_Accociate" : "Associate encrypted files",
		
		"FS_ToolTipWordWrap" : "There will be no horizontal scroll, all long lines will be within the screen",
		"FS_ToolTipAccociate" : "Files with the * .agt extension will open using this program",
	},
	{
		"LanguageName" : "Русский",
		
		"Cancel" : "Отмена",
		
		"File" : "Файл",
		"NewFile" : "Новый",
		"OpenFile" : "Открыть",
		"SaveFile" : "Сохранить",
		"SaveFileAs" : "Сохранить как...",
		"ReloadFile" : "Перезагрузить файл",
		"RecentFiles" : "Недавние файлы",
		"Exit" : "Выход",
		
		"View" : "Вид",
		"Font" : "Шрифт",
		"Settings" : "Настройки",
		"DarkTheme" : "Темная тема",
		"WordWrap" : "Перенос по словам",
		"HexEditor" : "Hex-Редактор",
		
		"Encoding" : "Кодировка",
		
		"Edit" : "Правка",
		"Undo" : "Отменить",
		"Rendo" : "Вернуть",
		"SelectAll" : "Выделить все",
		
		"Tools" : "Инструменты",
		"ExcludeDuplicatePhrases" : "Исключить повторяющиеся фразы",
		"Encrypt" : "Шифрование",
		"RandomNumberGeneration" : "Генерация случайных чисел",
		
		"Help" : "Справка",
		"UpdateApplication" : "Обновить приложение",
		"AssociateEncryptedFiles" : "Ассоциировать шифрованные файлы",
		"About" : "О программе",
		
		"ToolTipUpdateApp" : "Обновить программу сейчас",
		"ToolTipHexEditor" : "Включить hex-редактор",
		"ToolTipEncrypt" : "Включить шифрование",
		"ToolTipSaveAs" : "Сохранить документ как...",
		"ToolTipSave" : "Сохранить документ",
		"ToolTipOpen" : "Открыть документ",
		"ToolTipNew" : "Создать новый документ",
		
		"FormSettings" : "Настройки",
		"FS_ColorScheme" : "Цветовая схема",
		"FS_FontColor" : "Цвет шрифта",
		"FS_BackgroundColor" : "Цвет фона",
		"FS_WordWrapEnable" : "Включить перенос по словам",
		"FS_Language" : "Язык",
		"FS_CheckUpdate" : "Проверить наличие обновлений",
		"FS_Accociate" : "Ассоциировать шифрованные файлы",
		
		"FS_ToolTipWordWrap" : "Горизонтального скрола не будет, все длинные строки будут в пределах экрана",
		"FS_ToolTipAccociate" : "Файлы с расширением *.agt будут открываться с помощью данной программы",
	}
]